{"best/epoch": 17, "best/precision": 0.45246220665209347, "best/recall": 0.2772221265080169, "best/mAP_0.5": 0.28279136013831707, "best/mAP_0.5:0.95": 0.12724000629095833, "Labels": {"_type": "images/separated", "width": 1600, "height": 1600, "format": "jpg", "count": 2, "filenames": ["media/images/Labels_0_4790396ed51f9383fe47.jpg", "media/images/Labels_0_d4417c0e391745dc4449.jpg"], "captions": ["labels.jpg", "labels_correlogram.jpg"]}, "Mosaics": {"_type": "images/separated", "width": 1664, "height": 1664, "format": "jpg", "count": 3, "filenames": ["media/images/Mosaics_0_144b82f5ead83fd1dc95.jpg", "media/images/Mosaics_0_f98870b7f2e6c9eab1e4.jpg", "media/images/Mosaics_0_3846ae5c19b723ff30d7.jpg"], "captions": ["train_batch0.jpg", "train_batch1.jpg", "train_batch2.jpg"]}, "train/box_loss": 0.07587477564811707, "train/obj_loss": 0.034789253026247025, "train/cls_loss": 0.013577768579125404, "metrics/precision": 0.45246220665209347, "metrics/recall": 0.2772221265080169, "metrics/mAP_0.5": 0.28279136013831707, "metrics/mAP_0.5:0.95": 0.12724000629095833, "val/box_loss": 0.07115856558084488, "val/obj_loss": 0.034561458975076675, "val/cls_loss": 0.013905894942581654, "x/lr0": 0.00928, "x/lr1": 0.00928, "x/lr2": 0.00928, "_timestamp": 1718253053.9755971, "_runtime": 918.2086651325226, "_step": 17, "_wandb": {"runtime": 935}}