{"best/epoch": 97, "best/precision": 0.5367701908731087, "best/recall": 0.31176961625045163, "best/mAP_0.5": 0.3297117447668397, "best/mAP_0.5:0.95": 0.15530180055663384, "Labels": {"_type": "images/separated", "width": 1600, "height": 1600, "format": "jpg", "count": 2, "filenames": ["media/images/Labels_0_4790396ed51f9383fe47.jpg", "media/images/Labels_0_d4417c0e391745dc4449.jpg"], "captions": ["labels.jpg", "labels_correlogram.jpg"]}, "Mosaics": {"_type": "images/separated", "width": 1664, "height": 1664, "format": "jpg", "count": 3, "filenames": ["media/images/Mosaics_0_144b82f5ead83fd1dc95.jpg", "media/images/Mosaics_0_f98870b7f2e6c9eab1e4.jpg", "media/images/Mosaics_0_3846ae5c19b723ff30d7.jpg"], "captions": ["train_batch0.jpg", "train_batch1.jpg", "train_batch2.jpg"]}, "train/box_loss": 0.055634960532188416, "train/obj_loss": 0.02889556996524334, "train/cls_loss": 0.008587801828980446, "metrics/precision": 0.5379503686163135, "metrics/recall": 0.31142255472154795, "metrics/mAP_0.5": 0.32971468063171283, "metrics/mAP_0.5:0.95": 0.15527601859826015, "val/box_loss": 0.05559380352497101, "val/obj_loss": 0.03028263710439205, "val/cls_loss": 0.01201858464628458, "x/lr0": 0.0011800000000000003, "x/lr1": 0.0011800000000000003, "x/lr2": 0.0011800000000000003, "_timestamp": 1718278733.2382889, "_runtime": 9432.098846912384, "_step": 198, "Results": {"_type": "images/separated", "width": 2400, "height": 1200, "format": "png", "count": 1, "filenames": ["media/images/Results_198_32a5bab425b6efd2a6b7.png"], "captions": ["results.png"]}, "_wandb": {"runtime": 9431}}