{"best/epoch": 2, "best/precision": 0.35056382794565955, "best/recall": 0.01988560193046742, "best/mAP_0.5": 0.02516157534532946, "best/mAP_0.5:0.95": 0.009723800571570946, "Labels": {"_type": "images/separated", "width": 1600, "height": 1600, "format": "jpg", "count": 2, "filenames": ["media/images/Labels_0_4790396ed51f9383fe47.jpg", "media/images/Labels_0_d4417c0e391745dc4449.jpg"], "captions": ["labels.jpg", "labels_correlogram.jpg"]}, "Mosaics": {"_type": "images/separated", "width": 1664, "height": 1664, "format": "jpg", "count": 3, "filenames": ["media/images/Mosaics_0_144b82f5ead83fd1dc95.jpg", "media/images/Mosaics_0_f98870b7f2e6c9eab1e4.jpg", "media/images/Mosaics_0_3846ae5c19b723ff30d7.jpg"], "captions": ["train_batch0.jpg", "train_batch1.jpg", "train_batch2.jpg"]}, "train/box_loss": 0.08953430503606796, "train/obj_loss": 0.9028933644294739, "train/cls_loss": 0.09597880393266678, "metrics/precision": 0.30755893928884365, "metrics/recall": 0.017521673071766913, "metrics/mAP_0.5": 0.019095411837799257, "metrics/mAP_0.5:0.95": 0.009035949066627857, "val/box_loss": 0.08371592313051224, "val/obj_loss": 0.903177797794342, "val/cls_loss": 0.09543628245592117, "x/lr0": 0.009864999999999999, "x/lr1": 0.009864999999999999, "x/lr2": 0.009864999999999999, "_timestamp": 1718333003.3349578, "_runtime": 1793.207180738449, "_step": 4, "_wandb": {"runtime": 1852}}