{"best/epoch": 12, "best/precision": 0.4160238745678505, "best/recall": 0.2484216106074209, "best/mAP_0.5": 0.24445334900711874, "best/mAP_0.5:0.95": 0.10351645684180359, "Labels": {"_type": "images/separated", "width": 1600, "height": 1600, "format": "jpg", "count": 2, "filenames": ["media/images/Labels_0_4790396ed51f9383fe47.jpg", "media/images/Labels_0_d4417c0e391745dc4449.jpg"], "captions": ["labels.jpg", "labels_correlogram.jpg"]}, "Mosaics": {"_type": "images/separated", "width": 1664, "height": 1664, "format": "jpg", "count": 3, "filenames": ["media/images/Mosaics_0_144b82f5ead83fd1dc95.jpg", "media/images/Mosaics_0_f98870b7f2e6c9eab1e4.jpg", "media/images/Mosaics_0_3846ae5c19b723ff30d7.jpg"], "captions": ["train_batch0.jpg", "train_batch1.jpg", "train_batch2.jpg"]}, "train/box_loss": 0.08896459639072418, "train/obj_loss": 0.03371863812208176, "train/cls_loss": 0.015030882321298122, "metrics/precision": 0.39264062353956997, "metrics/recall": 0.24614312761808338, "metrics/mAP_0.5": 0.23969104623198004, "metrics/mAP_0.5:0.95": 0.10188521090729166, "val/box_loss": 0.08075950294733047, "val/obj_loss": 0.032292094081640244, "val/cls_loss": 0.015192103572189808, "x/lr0": 0.009415, "x/lr1": 0.009415, "x/lr2": 0.009415, "_timestamp": 1718281900.8653045, "_runtime": 714.0968973636627, "_step": 14}