               epoch,      train/box_loss,      train/obj_loss,      train/cls_loss,   metrics/precision,      metrics/recall,     metrics/mAP_0.5,metrics/mAP_0.5:0.95,        val/box_loss,        val/obj_loss,        val/cls_loss,               x/lr0,               x/lr1,               x/lr2
                   0,            0.085017,            0.030811,            0.026921,             0.43864,             0.13113,            0.098291,            0.037722,            0.066754,             0.03115,            0.020308,            0.070068,           0.0033258,           0.0033258
                   1,            0.071191,             0.03038,            0.019344,             0.51989,             0.17321,             0.14816,             0.05973,            0.062954,            0.030911,            0.017073,            0.040038,           0.0066291,           0.0066291
                   2,             0.06673,            0.030486,            0.017201,             0.49728,             0.12358,             0.10476,            0.041118,            0.068285,            0.033723,            0.018853,           0.0099782,           0.0099025,           0.0099025
                   3,            0.064139,            0.030282,            0.015914,             0.52566,             0.21563,             0.20547,            0.085081,            0.059577,            0.030224,            0.014319,            0.009865,            0.009865,            0.009865
                   4,            0.062362,            0.029857,            0.014938,             0.51822,             0.19413,             0.19796,            0.087326,            0.058363,            0.031155,            0.014486,            0.009865,            0.009865,            0.009865
                   5,            0.061391,            0.029818,            0.014291,             0.38067,             0.23532,             0.22301,            0.097114,            0.057538,             0.02988,            0.014098,             0.00982,             0.00982,             0.00982
                   6,            0.060678,            0.029856,            0.013845,              0.4262,             0.23471,             0.23454,             0.10383,            0.056863,            0.030945,            0.013422,            0.009775,            0.009775,            0.009775
