{"best/epoch": 156, "best/precision": 0.5340357749350184, "best/recall": 0.32161487763185925, "best/mAP_0.5": 0.33514386104446325, "best/mAP_0.5:0.95": 0.1592847627360102, "Labels": {"_type": "images/separated", "width": 1600, "height": 1600, "format": "jpg", "count": 2, "filenames": ["media/images/Labels_0_4790396ed51f9383fe47.jpg", "media/images/Labels_0_d4417c0e391745dc4449.jpg"], "captions": ["labels.jpg", "labels_correlogram.jpg"]}, "Mosaics": {"_type": "images/separated", "width": 1664, "height": 1664, "format": "jpg", "count": 3, "filenames": ["media/images/Mosaics_0_144b82f5ead83fd1dc95.jpg", "media/images/Mosaics_0_f98870b7f2e6c9eab1e4.jpg", "media/images/Mosaics_0_3846ae5c19b723ff30d7.jpg"], "captions": ["train_batch0.jpg", "train_batch1.jpg", "train_batch2.jpg"]}, "train/box_loss": 0.04968642443418503, "train/obj_loss": 0.026293087750673294, "train/cls_loss": 0.007921122945845127, "metrics/precision": 0.5325884618953024, "metrics/recall": 0.32185321175219295, "metrics/mAP_0.5": 0.3351004940079765, "metrics/mAP_0.5:0.95": 0.15923502530415443, "val/box_loss": 0.05070556327700615, "val/obj_loss": 0.02838372252881527, "val/cls_loss": 0.011271428316831589, "x/lr0": 0.0010900000000000003, "x/lr1": 0.0010900000000000003, "x/lr2": 0.0010900000000000003, "_timestamp": 1718250224.000978, "_runtime": 9231.24996805191, "_step": 200, "Results": {"_type": "images/separated", "width": 2400, "height": 1200, "format": "png", "count": 1, "filenames": ["media/images/Results_200_24c0dc6328c06d33571b.png"], "captions": ["results.png"]}, "_wandb": {"runtime": 9230}}