{"best/epoch": 145, "best/precision": 0.49946961330822826, "best/recall": 0.3267203356776181, "best/mAP_0.5": 0.3273562646011594, "best/mAP_0.5:0.95": 0.1527215747434881, "Labels": {"_type": "images/separated", "width": 1600, "height": 1600, "format": "jpg", "count": 2, "filenames": ["media/images/Labels_0_4790396ed51f9383fe47.jpg", "media/images/Labels_0_d4417c0e391745dc4449.jpg"], "captions": ["labels.jpg", "labels_correlogram.jpg"]}, "Mosaics": {"_type": "images/separated", "width": 1664, "height": 1664, "format": "jpg", "count": 3, "filenames": ["media/images/Mosaics_0_332c2c3bf3192529d586.jpg", "media/images/Mosaics_0_e19f3be9d3af35f65b25.jpg", "media/images/Mosaics_0_3bae01b88de0d979492e.jpg"], "captions": ["train_batch0.jpg", "train_batch1.jpg", "train_batch2.jpg"]}, "train/box_loss": 0.04948853328824043, "train/obj_loss": 0.04077806696295738, "train/cls_loss": 0.00880665797740221, "metrics/precision": 0.5001600115684794, "metrics/recall": 0.3272541611022342, "metrics/mAP_0.5": 0.32730932537397917, "metrics/mAP_0.5:0.95": 0.15263296413984534, "val/box_loss": 0.05638042092323303, "val/obj_loss": 0.04427174851298332, "val/cls_loss": 0.02239823341369629, "x/lr0": 0.0001990000000000001, "x/lr1": 0.0001990000000000001, "x/lr2": 0.0001990000000000001, "_timestamp": 1718295583.2411146, "_runtime": 9415.62559556961, "_step": 200, "Results": {"_type": "images/separated", "width": 2400, "height": 1200, "format": "png", "count": 1, "filenames": ["media/images/Results_200_abe487f2a7a91bac5387.png"], "captions": ["results.png"]}, "_wandb": {"runtime": 9414}}