{"best/epoch": 108, "best/precision": 0.4662025656960377, "best/recall": 0.304371597745959, "best/mAP_0.5": 0.3053392303596375, "best/mAP_0.5:0.95": 0.13712038606699506, "Labels": {"_type": "images/separated", "width": 1600, "height": 1600, "format": "jpg", "count": 2, "filenames": ["media/images/Labels_0_4790396ed51f9383fe47.jpg", "media/images/Labels_0_d4417c0e391745dc4449.jpg"], "captions": ["labels.jpg", "labels_correlogram.jpg"]}, "Mosaics": {"_type": "images/separated", "width": 1664, "height": 1664, "format": "jpg", "count": 3, "filenames": ["media/images/Mosaics_0_144b82f5ead83fd1dc95.jpg", "media/images/Mosaics_0_f98870b7f2e6c9eab1e4.jpg", "media/images/Mosaics_0_3846ae5c19b723ff30d7.jpg"], "captions": ["train_batch0.jpg", "train_batch1.jpg", "train_batch2.jpg"]}, "train/box_loss": 0.08385246992111206, "train/obj_loss": 0.03291136771440506, "train/cls_loss": 0.011858237907290459, "metrics/precision": 0.46725611900081265, "metrics/recall": 0.3029599569964533, "metrics/mAP_0.5": 0.3050577429801522, "metrics/mAP_0.5:0.95": 0.13712496906098337, "val/box_loss": 0.07856409251689911, "val/obj_loss": 0.03234267607331276, "val/cls_loss": 0.015033031813800335, "x/lr0": 0.0051400000000000005, "x/lr1": 0.0051400000000000005, "x/lr2": 0.0051400000000000005, "_timestamp": 1718259151.7570243, "_runtime": 5919.078158378601, "_step": 109, "_wandb": {"runtime": 5922}}