{"best/epoch": 93, "best/precision": 0.5399000711312475, "best/recall": 0.3166369623145813, "best/mAP_0.5": 0.32746948612991844, "best/mAP_0.5:0.95": 0.15596712622302938, "Labels": {"_type": "images/separated", "width": 1600, "height": 1600, "format": "jpg", "count": 2, "filenames": ["media/images/Labels_0_4790396ed51f9383fe47.jpg", "media/images/Labels_0_d4417c0e391745dc4449.jpg"], "captions": ["labels.jpg", "labels_correlogram.jpg"]}, "Mosaics": {"_type": "images/separated", "width": 1664, "height": 1664, "format": "jpg", "count": 3, "filenames": ["media/images/Mosaics_0_144b82f5ead83fd1dc95.jpg", "media/images/Mosaics_0_f98870b7f2e6c9eab1e4.jpg", "media/images/Mosaics_0_3846ae5c19b723ff30d7.jpg"], "captions": ["train_batch0.jpg", "train_batch1.jpg", "train_batch2.jpg"]}, "train/box_loss": 0.045156437903642654, "train/obj_loss": 0.02581457793712616, "train/cls_loss": 0.007592950481921434, "metrics/precision": 0.5401990255208593, "metrics/recall": 0.31618312169007806, "metrics/mAP_0.5": 0.32724659197948874, "metrics/mAP_0.5:0.95": 0.1559554143391539, "val/box_loss": 0.0457155816257, "val/obj_loss": 0.027427949011325836, "val/cls_loss": 0.010134332813322544, "x/lr0": 0.0013600000000000003, "x/lr1": 0.0013600000000000003, "x/lr2": 0.0013600000000000003, "_timestamp": 1718269118.9159517, "_runtime": 9176.676892757416, "_step": 194, "Results": {"_type": "images/separated", "width": 2400, "height": 1200, "format": "png", "count": 1, "filenames": ["media/images/Results_194_6d4ac314674b5a1ab7f4.png"], "captions": ["results.png"]}, "_wandb": {"runtime": 9175}}