{"best/epoch": 102, "best/precision": 0.5221551167177673, "best/recall": 0.3201582178838525, "best/mAP_0.5": 0.3298160365540813, "best/mAP_0.5:0.95": 0.15861998792595638, "Labels": {"_type": "images/separated", "width": 1600, "height": 1600, "format": "jpg", "count": 2, "filenames": ["media/images/Labels_0_4790396ed51f9383fe47.jpg", "media/images/Labels_0_d4417c0e391745dc4449.jpg"], "captions": ["labels.jpg", "labels_correlogram.jpg"]}, "Mosaics": {"_type": "images/separated", "width": 1664, "height": 1664, "format": "jpg", "count": 3, "filenames": ["media/images/Mosaics_0_144b82f5ead83fd1dc95.jpg", "media/images/Mosaics_0_f98870b7f2e6c9eab1e4.jpg", "media/images/Mosaics_0_3846ae5c19b723ff30d7.jpg"], "captions": ["train_batch0.jpg", "train_batch1.jpg", "train_batch2.jpg"]}, "train/box_loss": 0.05570987984538078, "train/obj_loss": 0.029097484424710274, "train/cls_loss": 0.008550534956157207, "metrics/precision": 0.5230238550130946, "metrics/recall": 0.31968702128530047, "metrics/mAP_0.5": 0.3297308374356148, "metrics/mAP_0.5:0.95": 0.15856293480980488, "val/box_loss": 0.05564308166503906, "val/obj_loss": 0.030246160924434662, "val/cls_loss": 0.011997771449387074, "x/lr0": 0.0010900000000000003, "x/lr1": 0.0010900000000000003, "x/lr2": 0.0010900000000000003, "_timestamp": 1718307504.9777336, "_runtime": 10142.493706703186, "_step": 200, "Results": {"_type": "images/separated", "width": 2400, "height": 1200, "format": "png", "count": 1, "filenames": ["media/images/Results_200_a43fb337132eb652629a.png"], "captions": ["results.png"]}, "_wandb": {"runtime": 10141}}